Municipio;Provincia
Alcobendas;Madrid
Alcorcón;Madrid
Alicante*;Alicante
Almería;Almería
Arenys de Munt;Barcelona
Badalona;Barcelona
Calafell;Tarragona
Cornellà de Llobregat;Barcelona
Figueres;Girona
La Orotava;Santa Cruz de Tenerife
La Puebla de Alfindén;Zaragoza
La Vila Joiosa*;Alicante
Las Rozas*;Madrid
Leganés;Madrid
Logroño;La Rioja
Motril;Granada
Oropesa del Mar;Castellón
Parla;Madrid
Premià de Mar;Barcelona
Reus;Tarragona
Rubí;Barcelona
Salamanca;Salamanca
Sant Cugat del Vallès;Barcelona
Santa Marta de Tormes;Salamanca
Santander;Cantabria
Tarragona*;Tarragona
Torrevieja;Alicante
Valladolid;Valladolid
